job,company,link
Senior Software Engineer,HashiCorp,https://remoteok.io/remote-jobs/85361-remote-senior-software-engineer-hashicorp
Senior Software Engineer,Screenleap,https://remoteok.io/remote-jobs/85327-remote-senior-software-engineer-screenleap
Senior Software Engineer,Vistas recruitment,https://remoteok.io/remote-jobs/85292-remote-senior-software-engineer-vistas-recruitment
Senior Software Engineer,Avy,https://remoteok.io/remote-jobs/85213-remote-senior-software-engineer-avy
Senior Software Engineer,Pomerium,https://remoteok.io/remote-jobs/84989-remote-senior-software-engineer-pomerium
Senior Software Engineer,Back,https://remoteok.io/remote-jobs/84828-remote-senior-software-engineer-back
Blockchain Developer WFH,Spacemesh,https://remoteok.io/remote-jobs/84615-remote-blockchain-developer-wfh-spacemesh
Golang Software Engineer,Source Coders,https://remoteok.io/remote-jobs/84479-remote-golang-software-engineer-source-coders
Golang Software Engineer,Percona,https://remoteok.io/remote-jobs/84465-remote-golang-software-engineer-remote-percona
Senior Software Engineer 100,FORM3,https://remoteok.io/remote-jobs/84440-remote-senior-software-engineer-100-form3
Backend Go Developer for Voice Chat App,Dialup ,https://remoteok.io/remote-jobs/84383-remote-backend-go-developer-for-voice-chat-app-dialup
Backend Developer,Toggl,https://remoteok.io/remote-jobs/83952-remote-backend-developer-toggl
Golang Flutter Developer,GetCourageNow,https://remoteok.io/remote-jobs/83860-remote-golang-flutter-developer-getcouragenow
Senior Full Stack Developer,Panda Strike ,https://remoteok.io/remote-jobs/83645-remote-senior-full-stack-developer-panda-strike
Golang Senior Software Engineer,Integral Ad Science,https://remoteok.io/remote-jobs/83889-remote-golang-senior-software-engineer-integral-ad-science
Lead Golang Developer,Network Gaming,https://remoteok.io/remote-jobs/83612-remote-lead-golang-developer-network-gaming
Senior Backend Go Developer,CEL,https://remoteok.io/remote-jobs/83610-remote-senior-backend-go-developer-cel
Buff is Looking for,Buff Up LTD,https://remoteok.io/remote-jobs/83515-remote-buff-is-looking-for-buff-up-ltd
Backend Developer,Toggl Hire,https://remoteok.io/remote-jobs/83475-remote-backend-developer-toggl-hire
Backend Software Engineer,Vendrive,https://remoteok.io/remote-jobs/77312-remote-backend-software-engineer-vendrive
Principal Software Engineer,Airbrake,https://remoteok.io/remote-jobs/77309-remote-principal-software-engineer-airbrake
Contract Junior Full Stack Developer,Intevity,https://remoteok.io/remote-jobs/77182-remote-contract-junior-full-stack-developer-intevity
Software Engineer,Carbon Relay,https://remoteok.io/remote-jobs/77180-remote-software-engineer-carbon-relay
Senior Go Developer,X Team,https://remoteok.io/remote-jobs/77058-remote-senior-go-developer-x-team
Backend Software Engineer,The New York Times,https://remoteok.io/remote-jobs/76885-remote-backend-software-engineer-the-new-york-times
Senior Software Engineer Back End,Sun Life,https://remoteok.io/remote-jobs/76882-remote-senior-software-engineer-back-end-sun-life
Senior Go Developer,New Context Services,https://remoteok.io/remote-jobs/76880-remote-senior-go-developer-new-context-services
Software Engineer Platform Engineering,Secureworks,https://remoteok.io/remote-jobs/76878-remote-software-engineer-platform-engineering-secureworks
Senior Software Engineer,Enova,https://remoteok.io/remote-jobs/76876-remote-senior-software-engineer-enova
Senior Software Developer,FORM3,https://remoteok.io/remote-jobs/76803-remote-senior-software-developer-form3
Senior Software Engineer Blockchain Protocol,Tendermint,https://remoteok.io/remote-jobs/76574-remote-senior-software-engineer-blockchain-protocol-tendermint
Golang Developer,Mercury Holidays,https://remoteok.io/remote-jobs/76186-remote-golang-developer-mercury-holidays
Software Developer,Merj,https://remoteok.io/remote-jobs/76062-remote-software-developer-merj
Lead Cloud Developer US Citizen ONLY,SAIC,https://remoteok.io/remote-jobs/75995-remote-lead-cloud-developer-us-citizen-only-saic
Golang Developer,NewRem Media Corp,https://remoteok.io/remote-jobs/75964-remote-golang-developer-newrem-media-corp
Backend Developer Intern Golang,Mailchain,https://remoteok.io/remote-jobs/75843-remote-backend-developer-intern-golang-mailchain
Software Engineer,Axiom ,https://remoteok.io/remote-jobs/75721-remote-software-engineer-axiom
Junior Go Developer Server Side,Compliance Solution Strategies,https://remoteok.io/remote-jobs/75698-remote-junior-go-developer-server-side-compliance-solution-strategies
Go Developer,X Team,https://remoteok.io/remote-jobs/75670-remote-go-developer-x-team
Senior Golang Developer,Trust Soda,https://remoteok.io/remote-jobs/75607-remote-senior-golang-developer-trust-soda
Senior Software Developer 100,FORM3,https://remoteok.io/remote-jobs/75541-remote-senior-software-developer-100-form3
Video Software Engineer,CBS Interactive,https://remoteok.io/remote-jobs/75482-remote-video-software-engineer-cbs-interactive
Senior Software Engineer for US Canada ONLY,Planet,https://remoteok.io/remote-jobs/75342-remote-senior-software-engineer-for-us-canada-only-planet
Senior Software Engineer,Planet,https://remoteok.io/remote-jobs/75287-remote-senior-software-engineer-planet
Senior Software Engineer,Netdata,https://remoteok.io/remote-jobs/74966-remote-senior-software-engineer-netdata
Senior Software Engineer,rewardStyle,https://remoteok.io/remote-jobs/74734-remote-senior-software-engineer-rewardstyle
Senior Software Engineer (kubernetes Application Management),NetApp,https://remoteok.io/remote-jobs/74603-remote-senior-software-engineer-kubernetes-application-management-netapp
"Software Engineer, Packer",HashiCorp,https://remoteok.io/remote-jobs/74528-remote-software-engineer-packer-hashicorp
Golang Developer,SpringboardVR,https://remoteok.io/remote-jobs/74421-remote-golang-developer-springboardvr
Senior Backend Engineer - Golang Focus,DL Remote,https://remoteok.io/remote-jobs/74351-remote-senior-backend-engineer-golang-focus-remote-dl-remote
Kubernetes Go Software Developer,Veganbase,https://remoteok.io/remote-jobs/74327-remote-kubernetes-go-software-developer-veganbase
Golang Backend Developer,Sonatype,https://remoteok.io/remote-jobs/74261-remote-golang-backend-developer-sonatype
Golang Software Engineer,Percona,https://remoteok.io/remote-jobs/74195-remote-golang-software-engineer-percona
Backend Developer (with Go Experience),Archipelago,https://remoteok.io/remote-jobs/74155-remote-backend-developer-with-go-experience-archipelago
Senior Software Developer 100,Form3 Financial Cloud,https://remoteok.io/remote-jobs/74135-remote-senior-software-developer-100-form3-financial-cloud
"Senior Software Engineer, iOS",Doximity,https://remoteok.io/remote-jobs/74089-remote-senior-software-engineer-ios-doximity
Staff Software Engineer Accounts,InVision,https://remoteok.io/remote-jobs/73961-remote-staff-software-engineer-accounts-invision
Open Source Software Engineer Go,Datadog,https://remoteok.io/remote-jobs/73916-remote-open-source-software-engineer-go-datadog
Backend Developer,TouchNote,https://remoteok.io/remote-jobs/73876-remote-backend-developer-touchnote
Go Developer,X Team International,https://remoteok.io/remote-jobs/73703-remote-go-developer-x-team-international
Senior Software Engineer Language Analysis Team,source{d,https://remoteok.io/remote-jobs/73544-remote-senior-software-engineer-language-analysis-team-sourced
Senior Golang Backend Developer,Freepoint Commodities,https://remoteok.io/remote-jobs/73478-remote-senior-golang-backend-developer-freepoint-commodities
Senior Software Engineer,RetailNext,https://remoteok.io/remote-jobs/73461-remote-senior-software-engineer-retailnext
Senior Backend Developer Golang for Blockchain Fintech,Herdius,https://remoteok.io/remote-jobs/73328-remote-senior-backend-developer-golang-for-blockchain-fintech-herdius
Go Backend Software Engineer Working,Revoco,https://remoteok.io/remote-jobs/73247-remote-go-backend-software-engineer-working-revoco
Software Engineer,techfolk on behalf of Third Light,https://remoteok.io/remote-jobs/73233-remote-software-engineer-techfolk-on-behalf-of-third-light
FULL Stack Developer,CodersRank Zrt,https://remoteok.io/remote-jobs/73221-remote-full-stack-developer-codersrank-zrt
Backend Developer,CodersRank Zrt,https://remoteok.io/remote-jobs/73219-remote-backend-developer-codersrank-zrt
Go Golang Developer,X Team,https://remoteok.io/remote-jobs/72930-remote-go-golang-developer-x-team
Senior Software Engineer 100% EU ONLY,Form3 Financial Cloud,https://remoteok.io/remote-jobs/72833-remote-senior-software-engineer-100-eu-only-form3-financial-cloud
Software Engineer Backend,The Civil Media Company,https://remoteok.io/remote-jobs/72829-remote-software-engineer-backend-the-civil-media-company
Backend Go Developer,Toggl,https://remoteok.io/remote-jobs/72749-remote-backend-go-developer-toggl
Full-stack Go Software Engineer,Private Business Network,https://remoteok.io/remote-jobs/72309-remote-full-stack-go-software-engineer-private-business-network
Software Engineer,Teaching Strategies,https://remoteok.io/remote-jobs/72574-remote-software-engineer-teaching-strategies
Software Engineer UK Only,Utility Warehouse,https://remoteok.io/remote-jobs/72541-remote-software-engineer-uk-only-utility-warehouse
Golang Developer,Veganbase,https://remoteok.io/remote-jobs/72496-remote-golang-developer-veganbase
Web Developer,RightNao,https://remoteok.io/remote-jobs/72355-remote-web-developer-rightnao
Backend Software Engineer,Galaxite ,https://remoteok.io/remote-jobs/72246-remote-backend-software-engineer-galaxite
Software Engineer,Scoolio GmbH,https://remoteok.io/remote-jobs/72055-remote-software-engineer-scoolio-gmbh
Senior Golang Engineer,Codelitt,https://remoteok.io/remote-jobs/71806-remote-senior-golang-engineer-codelitt
Software Engineer Backend,Proper Technologies ,https://remoteok.io/remote-jobs/71772-remote-software-engineer-backend-proper-technologies
Software Engineer,Openly ,https://remoteok.io/remote-jobs/71750-remote-software-engineer-openly
Backend Software Engineer,Senseye,https://remoteok.io/remote-jobs/71460-remote-backend-software-engineer-senseye
Senior Software Engineer 100% EU ONLY,Form3,https://remoteok.io/remote-jobs/71449-remote-senior-software-engineer-100-eu-only-form3
"Software Engineer, Service Reliability",Doximity,https://remoteok.io/remote-jobs/71432-remote-software-engineer-service-reliability-doximity
Senior Software Developer,Form3 Financial Cloud,https://remoteok.io/remote-jobs/71430-remote-senior-software-developer-form3-financial-cloud
Senior Software Engineer EU 100,Vistas Recruitment,https://remoteok.io/remote-jobs/71427-remote-senior-software-engineer-eu-100-vistas-recruitment
Senior Go Developer,Erply,https://remoteok.io/remote-jobs/71312-remote-senior-go-developer-erply
Senior Go Developer,Verisart ,https://remoteok.io/remote-jobs/71296-remote-senior-go-developer-verisart
Senior Full Stack Developer with React Experience,Codelitt,https://remoteok.io/remote-jobs/71132-remote-senior-full-stack-developer-with-react-experience-codelitt
Go Developer,Capita It resourcing,https://remoteok.io/remote-jobs/71198-remote-go-developer-capita-it-resourcing
Senior Backend Software Engineer,Coins.ph,https://remoteok.io/remote-jobs/71073-remote-senior-backend-software-engineer-coins-ph
Golang Developer Intermediate,Scopic Software,https://remoteok.io/remote-jobs/71038-remote-golang-developer-intermediate-scopic-software
Full Stack Developer for Sustainable E Commerce View Job,Your AB,https://remoteok.io/remote-jobs/70881-remote-full-stack-developer-for-sustainable-e-commerce-view-job-your-ab
Golang Full Stack Developer Contract,TEEMA Solutions Group,https://remoteok.io/remote-jobs/70820-remote-golang-full-stack-developer-contract-teema-solutions-group
Backend Software Engineer,Schlachter Informatik,https://remoteok.io/remote-jobs/70766-remote-backend-software-engineer-schlachter-informatik
Senior Software Engineer Cybernetics Startup,Tech Talent Hub,https://remoteok.io/remote-jobs/70753-remote-senior-software-engineer-cybernetics-startup-tech-talent-hub
Senior Golang Developer,Codesigned,https://remoteok.io/remote-jobs/70484-remote-senior-golang-developer-codesigned
Software Engineer Backend,Numbrs Personal Finance AG,https://remoteok.io/remote-jobs/70446-remote-software-engineer-backend-numbrs-personal-finance-ag
Senior Backend Software Engineer,Transportant,https://remoteok.io/remote-jobs/70360-remote-senior-backend-software-engineer-transportant
Go Software Engineer,ScyllaDB,https://remoteok.io/remote-jobs/70148-remote-go-software-engineer-scylladb
"Senior Software Engineer, Back End",Maxwell Health,https://remoteok.io/remote-jobs/70129-remote-senior-software-engineer-back-end-maxwell-health
Golang Developer,Real Staffing,https://remoteok.io/remote-jobs/70071-remote-golang-developer-real-staffing
Senior Software Engineer Golang SF Bay Area Vancouver,Tigera,https://remoteok.io/remote-jobs/69931-remote-senior-software-engineer-golang-sf-bay-area-vancouver-tigera
Senior Software Engineer,Tigera,https://remoteok.io/remote-jobs/69920-remote-senior-software-engineer-tigera
Senior Software Engineer,BlueLabs,https://remoteok.io/remote-jobs/69817-remote-senior-software-engineer-bluelabs
Go Developer Engineer Position,CYZA,https://remoteok.io/remote-jobs/69765-remote-go-developer-engineer-position-cyza
Open-source Software Engineer,Commerceblock Limited,https://remoteok.io/remote-jobs/69761-remote-open-source-software-engineer-commerceblock-limited
Go Software Developer,Thycotic,https://remoteok.io/remote-jobs/69747-remote-go-software-developer-thycotic
Software Engineer,BusinessVPN,https://remoteok.io/remote-jobs/69692-remote-software-engineer-businessvpn
Backend Developer,Searis,https://remoteok.io/remote-jobs/69659-remote-backend-developer-searis
Software Engineer LXD,Canonical ,https://remoteok.io/remote-jobs/69609-remote-software-engineer-lxd-canonical
Back End Software Engineer,Utility Warehouse,https://remoteok.io/remote-jobs/69525-remote-back-end-software-engineer-utility-warehouse
Backend Developer,AgFlow SA,https://remoteok.io/remote-jobs/69461-remote-backend-developer-agflow-sa
Golang Developer,Aurity,https://remoteok.io/remote-jobs/69328-remote-golang-developer-aurity
Senior Backend Developer,DigiExam,https://remoteok.io/remote-jobs/69276-remote-senior-backend-developer-digiexam
Junior Backend Developer Golang,Wonpy,https://remoteok.io/remote-jobs/69250-remote-junior-backend-developer-golang-wonpy
Senior Software Engineer Golang SF Bay Area,Tigera,https://remoteok.io/remote-jobs/69212-remote-senior-software-engineer-golang-sf-bay-area-tigera
Software Engineer,The Sensible Code Company,https://remoteok.io/remote-jobs/69173-remote-software-engineer-the-sensible-code-company
Backend Go Developer,Cycloid,https://remoteok.io/remote-jobs/69125-remote-backend-developer-in-go-in-remote-in-emea-or-on-site-in-paris-for-cycloid-a-devops-platform-cycloid
Go Developer,SpiderOak,https://remoteok.io/remote-jobs/69039-remote-go-developer-spideroak
Full Stack Developer,Upstack Technologies Inc.,https://remoteok.io/remote-jobs/69034-remote-full-stack-developer-upstack-technologies-inc-
Full Stack Go Developer,Veganbase,https://remoteok.io/remote-jobs/68935-remote-full-stack-go-developer-veganbase
Software Engineer,Permission Data,https://remoteok.io/remote-jobs/68934-remote-software-engineer-permission-data
Senior Go Developer,Outlyer,https://remoteok.io/remote-jobs/68918-remote-senior-go-developer-outlyer
Software Engineer Go,Abstract,https://remoteok.io/remote-jobs/68904-remote-software-engineer-go-abstract
Senior Systems Software Engineer,Heptio,https://remoteok.io/remote-jobs/68834-remote-senior-systems-software-engineer-heptio
Senior Software Engineer Golang,Tigera,https://remoteok.io/remote-jobs/68813-remote-senior-software-engineer-golang-tigera
Vegan Senior Full Stack Developer,Veganbase,https://remoteok.io/remote-jobs/68768-remote-vegan-senior-full-stack-developer-veganbase
Senior Go Developer,Fuse Finders,https://remoteok.io/remote-jobs/68758-remote-senior-go-developer-fuse-finders
Full Stack Go Golang Developer,BuildWP,https://remoteok.io/remote-jobs/68533-remote-full-stack-go-golang-developer-buildwp
Software Developer Golang,Scout Exchange,https://remoteok.io/remote-jobs/68532-remote-software-developer-golang-scout-exchange
Senior Software Engineer,RavenOps,https://remoteok.io/remote-jobs/68461-remote-senior-software-engineer-ravenops
Backend Developer,Hashnode,https://remoteok.io/remote-jobs/68457-remote-backend-developer-hashnode
Middle Go Developer,Affise Technologies,https://remoteok.io/remote-jobs/68253-remote-middle-go-developer-affise-technologies
Backend Software Engineer,Actelligent,https://remoteok.io/remote-jobs/68206-remote-backend-software-engineer-actelligent
Golang Developer,AOG.jobs,https://remoteok.io/remote-jobs/68163-remote-golang-developer-aog-jobs
Go Developer,Third Light,https://remoteok.io/remote-jobs/68107-remote-go-developer-third-light
Golang Developer,MMG Fusion,https://remoteok.io/remote-jobs/68104-remote-golang-developer-mmg-fusion
Golang Developer,MMG Fusion LLC,https://remoteok.io/remote-jobs/68088-remote-golang-developer-mmg-fusion-llc
Senior Software Engineer Sought Join Skycoin Team,Skycoin,https://remoteok.io/remote-jobs/68086-remote-senior-software-engineer-sought-join-skycoin-team-skycoin
Senior Software Engineer,Openly ,https://remoteok.io/remote-jobs/68063-remote-senior-software-engineer-openly
Go Software Engineer,Circonus ,https://remoteok.io/remote-jobs/68043-remote-go-software-engineer-circonus
Backend Project Developer L. Project Lead,IoT connctd GmbH,https://remoteok.io/remote-jobs/68006-remote-backend-project-developer-l-project-lead-iot-connctd-gmbh
Experienced Go Developer,MESG,https://remoteok.io/remote-jobs/67851-remote-experienced-go-developer-mesg
Golang Software Engineer,Utility Warehouse,https://remoteok.io/remote-jobs/67753-remote-golang-software-engineer-utility-warehouse
Senior Software Developer Distributed Storage,SUSE,https://remoteok.io/remote-jobs/67718-remote-senior-software-developer-distributed-storage-suse
Senior Software Engineer,Termsheet,https://remoteok.io/remote-jobs/67714-remote-senior-software-engineer-termsheet
Senior Backend Developer,Mothership,https://remoteok.io/remote-jobs/67688-remote-senior-backend-developer-mothership
Software Engineer Nomad Backend Spark Integration,HashiCorp,https://remoteok.io/remote-jobs/67685-remote-software-engineer-nomad-backend-spark-integration-hashicorp
Senior Beckend Developer,JOOX Music,https://remoteok.io/remote-jobs/67657-remote-senior-beckend-developer-joox-music
Golang Software Engineer,Loodse,https://remoteok.io/remote-jobs/67650-remote-golang-software-engineer-loodse
C Go Software Engineer Networking,PeerStream ,https://remoteok.io/remote-jobs/67649-remote-c-go-software-engineer-networking-peerstream
Senior Developer,Decenternet,https://remoteok.io/remote-jobs/67416-remote-senior-developer-decenternet
Backend Developer Ruby Go,Gitlab,https://remoteok.io/remote-jobs/67396-remote-backend-developer-ruby-go-gitlab
Senior Software Engineer Prometheus,Sysdig,https://remoteok.io/remote-jobs/67395-remote-senior-software-engineer-prometheus-sysdig
Software Engineer,PowerChord ,https://remoteok.io/remote-jobs/67374-remote-software-engineer-powerchord
Senior Golang Developer Engineer Position,CYZA ,https://remoteok.io/remote-jobs/67330-remote-senior-golang-developer-engineer-position-cyza
Senior Frontend Developer California Company,CYZA ,https://remoteok.io/remote-jobs/67331-remote-senior-frontend-developer-california-company-cyza
Software Engineer,Qntfy,https://remoteok.io/remote-jobs/67318-remote-software-engineer-qntfy
Vegan Senior Developer,Veganbase,https://remoteok.io/remote-jobs/67314-remote-vegan-senior-developer-veganbase
Go Developer,Better Loyalty Solutions Limited,https://remoteok.io/remote-jobs/67183-remote-go-developer-better-loyalty-solutions-limited
Senior Software Developer,Vereign AG,https://remoteok.io/remote-jobs/67149-remote-senior-software-developer-vereign-ag
Golang Senior Developer,PhishLabs,https://remoteok.io/remote-jobs/67083-remote-golang-senior-developer-phishlabs
Go Developer,BNET Ventures,https://remoteok.io/remote-jobs/67075-remote-go-developer-bnet-ventures
Full Stack Developer,Upstack,https://remoteok.io/remote-jobs/66985-remote-full-stack-developer-upstack
Go Developer,techfolk,https://remoteok.io/remote-jobs/66873-remote-go-developer-techfolk
Senior Software Engineer,Circonus ,https://remoteok.io/remote-jobs/66850-remote-senior-software-engineer-circonus
Software Engineer,Hedge,https://remoteok.io/remote-jobs/66769-remote-software-engineer-hedge
Software Engineer,RetailNext ,https://remoteok.io/remote-jobs/66638-remote-software-engineer-retailnext
Go Developer 3 Months Immediate Start Â£300 400 Day UK,Fresh8 Gaming,https://remoteok.io/remote-jobs/66632-remote-go-developer-3-months-immediate-start-300-400-day-uk-fresh8-gaming
Senior Go Developer,IOV one,https://remoteok.io/remote-jobs/66227-remote-senior-go-developer-iov-one
Golang Developer,StackNinja,https://remoteok.io/remote-jobs/66111-remote-golang-developer-stackninja
Golang Developer Position,CYZA ,https://remoteok.io/remote-jobs/66046-remote-golang-developer-position-cyza
Senior Developer,ActiveState Software,https://remoteok.io/remote-jobs/65893-remote-senior-developer-activestate-software
Software Engineer,Canonical,https://remoteok.io/remote-jobs/65733-remote-software-engineer-canonical
Golang Software Engineer,PathDNA,https://remoteok.io/remote-jobs/65650-remote-golang-software-engineer-pathdna
Mid Level Go Developer. Work for an Awesome New Crypto Exchange,Apollo DAE ,https://remoteok.io/remote-jobs/65408-remote-mid-level-go-developer-work-for-an-awesome-new-crypto-exchange-apollo-dae
3rd Go Developer on a 4 Person Team Developer Tooling,Blue Canvas,https://remoteok.io/remote-jobs/65315-remote-3rd-go-developer-on-a-4-person-team-developer-tooling-blue-canvas
Lead Senior Go Developer,Strategic Employment Partners,https://remoteok.io/remote-jobs/65238-remote-lead-senior-go-developer-strategic-employment-partners
Senior Software Engineer Growth,DigitalOcean,https://remoteok.io/remote-jobs/65219-remote-senior-software-engineer-growth-digitalocean
Golang Software Engineer,Blockception Technical,https://remoteok.io/remote-jobs/65203-remote-golang-software-engineer-blockception-technical
Backend Software Engineer,ScyllaDB,https://remoteok.io/remote-jobs/65202-remote-backend-software-engineer-scylladb
Lead Full Stack Developer,phrHero,https://remoteok.io/remote-jobs/64843-remote-lead-full-stack-developer-phrhero
Blockchain Developer,Endian,https://remoteok.io/remote-jobs/64816-remote-blockchain-developer-endian
Blockchain Developer,Endian.io,https://remoteok.io/remote-jobs/64803-remote-blockchain-developer-endian-io
Software Engineer Go Golang,BLeve,https://remoteok.io/remote-jobs/64744-remote-software-engineer-go-golang-bleve
Software Engineer Go Golang,Belve,https://remoteok.io/remote-jobs/64738-remote-software-engineer-go-golang-belve
Lead Software Engineer Go,Status,https://remoteok.io/remote-jobs/64724-remote-lead-software-engineer-go-status
Go Software Development Services for Openid Connect Support the DVID Image Database,Human Brain Project PCO EPFL,https://remoteok.io/remote-jobs/64650-remote-go-software-development-services-for-openid-connect-support-the-dvid-image-database-human-brain-project-pco-epfl
Go Software Development Services for Swift Storage Backend Support the DVID Image Database,Human Brain Project PCO EPFL,https://remoteok.io/remote-jobs/64651-remote-go-software-development-services-for-swift-storage-backend-support-the-dvid-image-database-human-brain-project-pco-epfl
Freelance Golang Developer,SpringboardVR,https://remoteok.io/remote-jobs/64649-remote-freelance-golang-developer-springboardvr
Backend Software Engineer,TARGET Energy Solutions,https://remoteok.io/remote-jobs/64434-remote-backend-software-engineer-target-energy-solutions
Senior Golang Developer,Whalesburg,https://remoteok.io/remote-jobs/64432-remote-senior-golang-developer-whalesburg
Senior Backend Software Engineer,TARGET Energy Solutions,https://remoteok.io/remote-jobs/64433-remote-senior-backend-software-engineer-target-energy-solutions
Software Engineer ML Backend,Vorstella,https://remoteok.io/remote-jobs/64296-remote-software-engineer-ml-backend-vorstella
Senior Software Engineer Golang,InVisionApp,https://remoteok.io/remote-jobs/64280-remote-senior-software-engineer-golang-invisionapp
Golang Developer,CyberOne Security,https://remoteok.io/remote-jobs/64178-remote-golang-developer-cyberone-security
Back End Developer,Bytemark Limited,https://remoteok.io/remote-jobs/64114-remote-back-end-developer-bytemark-limited
Software Engineer Blockchain,XCHNG,https://remoteok.io/remote-jobs/64112-remote-software-engineer-blockchain-xchng
Junior Go Developer,BNET,https://remoteok.io/remote-jobs/63978-remote-junior-go-developer-bnet
Golang Developer,engageSPARK PH,https://remoteok.io/remote-jobs/63617-remote-golang-developer-engagespark-ph
Go Developer OSS Maintainer,Load Impact,https://remoteok.io/remote-jobs/63544-remote-go-developer-oss-maintainer-load-impact
Golang Developer,Transparent Influence,https://remoteok.io/remote-jobs/63537-remote-golang-developer-transparent-influence
Golang Developer,techfolk on behalf of Fresh8 Gaming,https://remoteok.io/remote-jobs/63538-remote-golang-developer-techfolk-on-behalf-of-fresh8-gaming
Software Engineer,Blue Canvas,https://remoteok.io/remote-jobs/63535-remote-software-engineer-blue-canvas
Golang Developer,employer represented by techfolk,https://remoteok.io/remote-jobs/63440-remote-golang-developer-employer-represented-by-techfolk
Senior Software Engineer,Chatlio,https://remoteok.io/remote-jobs/63220-remote-senior-software-engineer-chatlio
Frontend Developer Go,Cycloid.io,https://remoteok.io/remote-jobs/63108-remote-frontend-developer-go-cycloid-io
Software Engineer,Status,https://remoteok.io/remote-jobs/63107-remote-software-engineer-status
Software Engineer Backend,Numbrs,https://remoteok.io/remote-jobs/62501-remote-software-engineer-backend-numbrs
Senior Full Stack Go Web Developer,Universal Reputations,https://remoteok.io/remote-jobs/62374-remote-senior-full-stack-go-web-developer-universal-reputations
Core Microservices Developer,Good Dog Labs,https://remoteok.io/remote-jobs/62199-remote-core-microservices-developer-good-dog-labs
Golang Developer,ServiceNet Technologies India Pvt,https://remoteok.io/remote-jobs/62181-remote-golang-developer-servicenet-technologies-india-pvt
Golang Developer,Trust Soda,https://remoteok.io/remote-jobs/62114-remote-golang-developer-trust-soda
Full Stack Developer,CottageClass,https://remoteok.io/remote-jobs/62076-remote-full-stack-developer-cottageclass
Senior Software Engineer,Magalix Corporation,https://remoteok.io/remote-jobs/61930-remote-senior-software-engineer-magalix-corporation
Senior Software Developer,Clixxa,https://remoteok.io/remote-jobs/61886-remote-senior-software-developer-clixxa
Senior Full Stack Go Web Developer,Univeral Reputations,https://remoteok.io/remote-jobs/61814-remote-senior-full-stack-go-web-developer-univeral-reputations
Golang Software Developer,Scout Exchange,https://remoteok.io/remote-jobs/61810-remote-golang-software-developer-scout-exchange
Sr Software System Engineer,Gravwell ,https://remoteok.io/remote-jobs/61590-remote-sr-software-system-engineer-gravwell
Infrastructure Engineer,Carbon Relay,https://stackoverflow.com/jobs/392608/infrastructure-engineer-carbon-relay
Senior backend go developer,CEL,https://stackoverflow.com/jobs/370764/senior-backend-go-developer-cel
"Senior Software Engineer (Golang, Platform) - 100% remote (UK/EU only)",Avy Finans AB,https://stackoverflow.com/jobs/392921/senior-software-engineer-golang-platform-avy-finans-ab
Senior Go Backend Developer (m/f/x),refurbed,https://stackoverflow.com/jobs/287208/senior-go-backend-developer-m-f-x-refurbed
Senior Software Engineer (Go) - 100% remote (UK/EU only),Form3 - Financial Cloud,https://stackoverflow.com/jobs/230221/senior-software-engineer-go-100-remote-uk-form3-financial-cloud
Lead developer Go+Angular,CEL,https://stackoverflow.com/jobs/370761/lead-developer-go-plusangular-cel
Senior Go Developer (Remote),X-Team,https://stackoverflow.com/jobs/235208/senior-go-developer-remote-x-team
Full stack Go+Angular,CEL,https://stackoverflow.com/jobs/368876/full-stack-go-plusangular-cel
Senior Developer with GO expereince,Boyle Software,https://stackoverflow.com/jobs/376897/senior-developer-with-go-expereince-boyle-software
Backend Engineer,Carbon Relay,https://stackoverflow.com/jobs/392811/backend-engineer-carbon-relay
Platforms Engineer for a Cryptocurrency Startup,Chorus One,https://stackoverflow.com/jobs/397339/platforms-engineer-for-a-cryptocurrency-startup-chorus-one
Senior Software Engineer (DevSecOps) - 100% remote (UK/EU only),Form3 - Financial Cloud,https://stackoverflow.com/jobs/373270/senior-software-engineer-devsecops-100-form3-financial-cloud
Full-Stack Developer,Charidy,https://stackoverflow.com/jobs/307185/full-stack-developer-charidy
Senior Software Engineer (remote US or office) <progressive ed nonprofit>,Achievement Network,https://stackoverflow.com/jobs/272027/senior-software-engineer-remote-us-or-office-achievement-network
Fullstack Software Engineer,Coder Technologies,https://stackoverflow.com/jobs/381733/fullstack-software-engineer-coder-technologies
Senior Full Stack Software Developer- Remote,Upstack,https://stackoverflow.com/jobs/286028/senior-full-stack-software-developer-remote-upstack
Engineering Manager - Remote,Numbrs,https://stackoverflow.com/jobs/244993/engineering-manager-remote-numbrs
"Engineering Manager, Cloud Infrastructure - Full Remote in Europe",Heetch,https://stackoverflow.com/jobs/336927/engineering-manager-cloud-infrastructure-full-heetch
Software Architect - Applied Cryptography in Rust,Ockam,https://stackoverflow.com/jobs/383587/software-architect-applied-cryptography-in-rust-ockam
"Head of Engineering, Web Scraping",Corsearch,https://stackoverflow.com/jobs/373810/head-of-engineering-web-scraping-corsearch
Software Architect - Cloud Services Integration,Ockam,https://stackoverflow.com/jobs/371618/software-architect-cloud-services-integration-ockam
Senior Software Engineer - Rust,Ockam,https://stackoverflow.com/jobs/371617/senior-software-engineer-rust-ockam
Systems Engineer for WordPress VIP,WordPress VIP,https://stackoverflow.com/jobs/395440/systems-engineer-for-wordpress-vip-wordpress-vip
Site Reliability Engineer - Remote,Numbrs,https://stackoverflow.com/jobs/386449/site-reliability-engineer-remote-numbrs
Security Engineer (remote - Americas timezone),Platform.sh,https://stackoverflow.com/jobs/397331/security-engineer-remote-americas-timezone-platformsh
"Mobile Software Engineer, iOS (Swift)",Doximity,https://weworkremotely.com/remote-jobs/doximity-mobile-software-engineer-ios-swift
Senior Go Developer,X-Team,https://weworkremotely.com/remote-jobs/x-team-senior-go-developer
"Software Engineer, Full Stack ",Doximity,https://weworkremotely.com/remote-jobs/doximity-software-engineer-full-stack
